id,answer,explain
1,F,F根据提供的知识库，没有提及论文中提出的混合五级单相整流器使用了四叉树数据结构来进行点云的有效表示和压缩。相反，讨论的是如何适应主成分分析进行点云空间的压缩，以及与传统的八叉树分区方法相比，提到的某些混合模型用于减少表示稀疏点的比特数，但这与四叉树无关。因此，这个陈述与提供的信息不符。
2,T,"T根据文档内容，""NTN (non-terrestrial network)技术是手机直连卫星的技术方向之一，需要与核心网架构融合""（[2]文档：“关键技术二：空天地融合”部分）。这表明NTN确实被设计成与核心网络结构相结合，以便实现移动设备与卫星的直接连接。这一融合有助于统一移动性和会话管理，支持如应急通信和广域物联等应用。"
3,T,T中兴通讯确实提出了基于来车识别的载波点亮方案，该方案利用先进的识别技术来判断列车的到来，然后激活相应的无线服务。结合铁路通信网络业务的潮汐效应，即业务流量在时间上存在显著的不均衡分布，当列车间歇时，非繁忙区域的基站可以通过休眠节能。当列车接近时，通过哨兵小区的信号广播唤醒临近的节能小区，从而实现节能状态下的网络服务。这种策略已经在实践中证明能够有效降低能耗，例如，在运营期间能实现30%的综合节能收益，在停运期间的节能效果更是显著。这与文档中提到的内容一致。
4,T,"TThe statement about the proposed scheme for 6G communication systems aligns with the concept of network simplification and system design mentioned in the knowledge base entry [3] ""cn202401"" under the title ""面向6G移动通信的极化多址接入技术."" Although the exact phrase ""model-driven intelligent simplified communication system"" is not directly mentioned, the idea of simplifying the system to enhance efficiency and collaborative performance is consistent with the broader theme of 6G network architectures aiming to meet high-capacity and high-reliability requirements. The focus on efficient information exchange and understanding can be inferred as a part of efforts to streamline network operations, which falls within the realm of network simplification. Therefore, the claim supports the notion of a simplified system design in the context of 6G networks."
5,T,T中兴通讯确实致力于智能运维的发展。根据文档“大模型赋能通信运维智能提效”（jx202404），提到大模型技术被广泛应用在通信运维中，包括故障预测与预防，其中提到大模型可以对历史运维数据进行学习，发现故障规律，从而预测潜在故障。这表明中兴通讯确实推出了利用机器学习进行故障预测的智能维护模型，以支持运维工作的智能化转型。
6,F,判定标签：F详细解释：根据提供的信息，ZTE的5G PowerPilot解决方案实际上被描述为能够节省无线网络能源，具体来说是减少了网络的能源消耗，而不是增加。原文提到“energysaving of wireless networks by 35%”，这表明该方案是用于节能，将单站的睡眠模式功率消耗降低到5瓦特，从而实现节能效果。因此，陈述中的内容与实际技术描述相悖。
7,T,"T依据：来自文档 ""ZTE TECHNOLOGIES (No.4) 2023"" 的内容提到：“And to fully support this (ASTEO的目标)，there is also a big challenge at the Public Administration side to optimize the current administrative processes in order to speed up the civil works permits and licenses.” 这表明行政流程的优化是ASTEO在农村网络部署中面临的实际挑战之一。"
8,N,判 定：N解释：虽然提到过去通过优化电路设计和硬件实现算法确实有助于网络节能，但原文提到要应对5G-A时代流量激增，需要基于高集成芯片、高效率器件、新升级工艺和强算力算法来打造新一代绿色设备，实现极致的关断深度和响应时间。这不仅仅是优化电路设计那么简单，而是涉及到更高级的技术和系统层面的创新。因此，仅优化电路设计和算法可能不足以应对5G-A时代的极端需求。
9,T,"TThe statement accurately reflects the concept of the 6G Intelligent Endogenous Network (IEN) as described in the provided sources. According to the information, IEN is an integral part of 6G networks and focuses on enabling self-evolution, where it possesses capabilities such as self-perception (sensing the environment), self-analysis (processing data), self-decision (making automated decisions), self-execution (implementing actions), and self-assessment (evaluating its performance). This aligns with the layered design concepts and the aim to create a network that is not only intelligent but also self-managing."
10,F,判定标签：F解释：5G LAN技术实际上并没有为UE终端分配IP地址。根据提供的信息，5G LAN技术“不需要给UE分配IP地址”，这意味着UE与UE之间的通信以及与业务网络的通信是通过建立一个Ethernet类型的PDU会话来进行的，而不是传统的IP连接。因此，5G LAN技术是基于PDU会话的，而不是基于IP地址的通信模型。
11,T,判定标签：T详细解释：根据提供的信息，传统方法在高速铁路网络规划中存在覆盖规划误差超过8dB的问题，并且在预测用户体验方面不足。这与数字孪生技术的应用相吻合。数字孪生，如在文档中提到的，能够通过三维地图、站点孪生、射线追踪等技术，创建更精确的无线环境信道模型，从而改善覆盖预测和寻优，提升规划精度。例如，在2023年天津移动京滨唐高铁的项目中，数字孪生技术成功降低了重叠覆盖带来的干扰，实现了更加精准的网络规划，这是对用户感知和网络性能预测能力的提升，支持了用户体验的纳入。因此，中兴通讯的解决方案确实包含减少覆盖误差并考虑用户体验的元素。
12,F,"这个陈述中的部分内容有误（F）。原文提到的""computing power gateway""是为实现计算力网络的整合调度而设计的，它通过感知服务信息，并结合当前的计算能力和网络性能，发布路由信息，目的是将计算任务包路由到合适的计算节点，从而实现计算资源的最优调度。然而，陈述中说路由信息可能导致计算任务包被导向不合适的节点，这与原文描述的意图相悖。原文中并没有提及这种设计会导致优化不足，而是强调了这一技术的目的是优化调度。因此，关于路由信息可能导致优化不达标的部分是错误的。"
13,F,判定标签：F详尽解释：在5G-A无线网络节能的关键技术中，实际讨论的是基站不连续发送/接收（DTX/DRX）模式，而非连续传输(CTX)模式。DTX/DRX是一种节能措施，基站会在不需要的时候进入休眠状态，减少不必要的信号发送和接收，以降低功耗。相反，CTX模式与节能目标背道而驰，因为它会持续不断地传输数据，增加了能耗，而不是节省能源。因此，关于连续传输用于提高能源效率的说法与5G-A节能技术的内容不符。
14,T,TZENIC ONE确实实现了通过Telemetry协议进行高精度的性能指标监测，如文中提到的，它能够实现对OLT上联口、PON口、ONU口的流量和性能指标进行秒级甚至毫秒级的实时采集，这对于流量预测、故障根因分析和业务质量保障提供了极高的准确性。这可以从文档中的“Telemetry秒级监测可看到更多‘毛刺’，真实反映网络实际流量”这一描述中得到证实，见图2。
15,F,"**判定标签**: F**详尽解释**:虽然提到的""computing power network resource collaborative scheduling platform""确实设计了资源协作调度策略，以便在多个公共和私有云之间实现自动化和最优的资源分配，但它并非如所述未能自动发现和管理计算资源，也并未提及不能根据新的资源池情况自动调整策略。相反，平台被描述为能够实现用户敏感业务的扩展和收缩，这意味着它能够灵活地调度计算资源。这与陈述中的某些部分不符，因此这部分表述是错误的。具体依据见文档标题为""算力网络资源协同调度探索与应用""的第2个文档，其中提到平台可以自动管理和调整策略以适应变化。"
16,F,"FThe statement suggests that maintaining separate data and control planes in 6G networks would result in increased complexity and reduced efficiency. However, this is not necessarily true. In many next-generation networks, including 5G and beyond, there is a trend towards more integrated architectures, where the separation of data and control planes can actually lead to advantages such as better scalability, improved security, and better isolation of traffic types. For instance, Network Function Virtualization (NFV) and Software Defined Networking (SDN) have enabled the separation of these planes to facilitate management, flexibility, and dynamic resource allocation. While there may be initial setup complexities, modern network architectures aim to optimize these aspects over time. The information provided does not support the claim that maintaining separate planes would universally result in increased complexity and reduced efficiency in 6G specifically."
17,T,T中兴通讯的MNI工具确实按照网络金字塔模型将无线网络划分为四个层次，这与提供的信息一致。网络基础层包含多个维度，如所述，包括网络结构（如拓扑合理性）、设备资产（如配置数据）、设备健康（如健康监测）和终端用户分布等。这些维度是构建网络基础的基石，为上层的网络质量和性能评估提供支持。
18,T,T动态通道绑定技术确实能够实现更高速的无源光网络（PON）。正如提供的文献所述，例如[3]和[4]提到的，传统的无源光网络通过多通道支持，每个通道可以是不同的速率，通过动态通道绑定，多个通道可以联合使用，从而实现更高的总带宽和速率。这种技术允许ONU支持一个或多个通道，甚至支持不同的速率组合，比如50 Gbit/s速率通过捆绑两个25 Gbit/s通道实现，如IEEE 802.3av标准中的 Nx25G-EPON。此外，像TWDM-PON这样的标准也支持动态绑定，提高了网络的灵活性和传输效率。所以，这个陈述符合相关知识库内容。
19,T,T解释：根据提供的文档信息，ZENIC ONE确实采用了AI技术，建立了PON光模块失效模型，将光模块状态分为已损坏、亚健康和健康三大类（已损坏、亚健康对应的是劣化趋势中的情况）。这个模型能够实现光模块失效预警，提前发现可能的问题，从而保障业务稳定性和提升用户体验。这与陈述的内容一致。引用的知识库条目是：“实现光模块失效预警，提前发现光模块问题，保障业务稳定性，提升用户感知。”
20,T,"T根据提供的文档内容，特别是来自文档""ZTE TECHNOLOGIES (No.4) 2023""的部分，Asteo Red Neutra的创始人兼首席执行官Pedro Abad提到，西班牙在欧洲的光纤渗透率排名第二，同时在家庭通过的速率（HP, home passed）和家庭连接的速率（HC, home connected）方面长期位居第一。这表明了西班牙在FTTH部署中的领先地位，尤其是在家庭宽带接入方面。"
21,T,T解释：根据提供的文档 [1]，ZTE的创新解决方案确实提到了'Fast CNP'。这种机制在传统DCQCN网络中，当网络设备出现拥塞时，能够快速发送包含详细拥堵信息的CNP包到源NIC，从而让源NIC能够更准确和迅速地调整流量，有效缓解网络拥塞。这支持了所述的Fast CNP功能是ZTE RoCEv2端到端协作的一部分。
22,T,"TThe statement is consistent with the information provided in the reference documents. It mentions that ""移动通信网络演进十年一代,"" indicating that there is indeed a generational shift in core networks roughly every decade to accommodate new demands and advancements in data transmission. This concept aligns with the progression from 2G to 3G, 4G, and now towards 5G and potentially 6G, where core networks evolve to support increased data capacity and diverse services."
23,T,"TThe statement is accurate. According to the provided reference [3], ""ZeRO-Offload"" is mentioned as a technique that helps democratize billion-scale model training by offloading activation tensors to CPU memory, effectively alleviating the GPU memory limitations and enabling the training of larger models that would otherwise exceed the GPU's capacity. This is a strategy for efficient memory management in large language model (LLM) distributed inference, as explained in the context of LLMs and their challenges in handling memory-intensive architectures like Transformers."
24,T,"T解释及引用支持：根据文档 ""[3] Near-Field Beam Training for Holographic MIMO Communications: Typical Methods, Challenges and Future Directions""（沈嘉雨等人，2024年3月）中的内容，提到ISAC（Integrated Sensing and Communication）系统中，特别是使用了大规模天线阵列或者包含RIS（Reconfigurable Intelligent Surface）的技术时，近场区域的特性使得基于近场扫描的训练得以应用。这种技术可以提升信号质量和性能，从而增强整体的感知和无线通信能力。因此，这一陈述是符合文档描述的。"
25,F,判 定 标签：F详 细 解 释：根据提供的知识库内容，中兴通讯确实成功实施了基于数字孪生的高精度铁路规划创新解决方案，如在天津的高速铁路精确规划中使用了数字孪生技术，通过更高的精确度进行网络规划，提升了工程阶段的优化。这表明该技术确实有助于提高网络规划的准确性，并通过AI和模拟仿真进行实时交互，例如在2023年世界互联网大会上的应用，实现了5倍于传统方法的现场保障效率。然而，陈述中提到的技术不涉及维护和运营效率的优化并不符合这些文献中的描述。数字孪生技术不仅用于规划，还包括网络的运行和维护，如通过AI引擎预测网络状态，实现网络的智能管理和资源优化。因此，关于维护和运营效率优化的部分并未被明确否定，而是与网络整体优化过程相联系。
26,T,T解释：根据提供的文档[2]，“数字孪生的高铁精准规划方案”确实提到通过更高的精度孪生建模，结合AI寻优，将优化和维护工作前置到规划阶段，从而实现更精准的网络规划，目标是达到“零工程优化”。这与所给陈述中的描述一致。数字孪生技术通过模拟和数据分析，提高了决策的准确性和效率，降低了优化成本。因此，中兴通讯在高铁网络规划中应用的智能维护模型，包括AI优化，支持了这一说法。
27,T,T解释及依据：中兴通讯的ZENIC ONE平台确实具有智能化运维能力。根据文档“端到端FTTx网络管理运维平台”中的信息，ZENIC ONE支持端到端的业务自动闭环，可以基于业务告警进行网络故障自动恢复，以及根据业务策略实现网络服务的自动优化调整。这些功能表明在业务自动化管理中，确实实现了无需人工干预的故障恢复和优化调整。因此，这一陈述符合ZENIC ONE平台的功能描述。
28,T,T支持依据：- ASTEO的愿景是将农村连接到世界，确保数字化不受基础设施限制，这表明他们的目标是提升农村地区的数字化水平。- 在项目规划中，他们专注于将最新的可用技术带到农村，以满足消费者日益增长的需求，如提供高速互联网连接。- 他们在布尔戈斯、萨拉曼卡、塞戈维亚等地的部署，以及计划连接500个人口不足千人的市镇，显示了提高网络覆盖率的具体行动。- 网络建设的目的是为了应对当前和未来社会的需求，确保网络的坚实性和弹性，这包括支持像5G这样的高技术规格连接，表明对高速互联网的追求。
29,T,"TZTE's Intelligent Computing AI Platform indeed supports a wide range of computing infrastructure, as stated in the provided documents. It includes ""thousands of GPUs and CPUs,"" which cater to both international mainstream graphics cards and domestic options. The platform's engine layer integrates high-performance frameworks like TensorFlow, PyTorch, OneLow, and DeepSpeed, enabling distributed training and AI model inference acceleration, as mentioned in the reference to distributed training and the use of various optimization techniques for inference efficiency. Therefore, the claim about the platform's capabilities is accurate according to the knowledge stored in the provided documents."
30,T,"TExplanation: The statement is accurate according to the provided information. The T-SRv6 solution, proposed by ZTE and China Mobile, does indeed leverage the SPN network characteristics. It extends the programmable END.BXC function of SRv6 to bind SRv6 services with SPN slicing channels, combining standard SRv6 technology with transport slicing to offer features like hard isolation, zero packet loss, and support for differentiated slicing services, which are aligned with the demands of modern computing power networks. This solution is mentioned in documents such as ""SPN 2.0 Private Line"" and ""SPN Private Line Technology and Its Applications."""
31,F,判定标签：F详细解释：根据提供的文档，6G的核心网设计确实考虑到了对现有控制面网元的重构和聚合，以及功能的精简和服务的灵活定制。如文档提到，“6G核心网应考量对同类网元的重构和聚合，对现有控制面网元按照功能分类和精简，实现功能类型的归一和服务的灵活定制。”这表明在6G的设计中，有明确的意图来优化网络架构，使之更加智能和简化，以便达成“智简网络，智联万物”的目标。因此，关于6G核心网没有考虑这些设计要点的说法是不符合原文内容的。
32,F,"FCloud RAN (Cloud Radio Access Network) is not a concept that has been phased out with the introduction of 5G. On the contrary, Cloud RAN is an integral part of the ongoing evolution of wireless networks towards intelligence. In fact, as mentioned in the provided documents:- In [3], the European research project HEXA-X D5.3 highlights cloud-native RAN as a key goal, suggesting that it is being further developed and integrated into the network architecture, particularly for 6G and beyond.- The US research, specifically the NGA report and distributed cloud reports, discuss the integration of cloud concepts into RAN and the progression of cloud-based technologies, including MEC (Multi-access Edge Computing) and distributed computing, which are extensions of cloud RAN principles.These documents show that Cloud RAN is not only relevant but also evolving as part of the efforts to enhance network intelligence and efficiency."
33,F,判定标签：F详尽解释：原文提到的是，中国联通与中兴通讯合作的项目确实引入了意图驱动接口，通过这个接口，解决方案可以被转化为网络指令，但并未明确提及这一过程完全不需要OpenAPI的支持。而是提到通过OpenAPI将解决方案转化为网络指令，这意味着在这个过程中，OpenAPI起到了实际作用，允许用户无需关注具体的实施细节。因此，这个陈述与提供的信息不符。
34,T,T中兴通讯确实响应了绿色低碳的趋势，他们的产品创新中包含了AAU/RRU自动启停、pRRU点控节能等功能，这些措施旨在减少网络运行过程中的能耗，使其能够根据实际需求动态调整，从而实现了“能耗随需而生”，符合绿色网络的发展理念。这有助于构建“比特瓦特完美曲线”，即在提供高效服务的同时，实现更低的能耗，符合“双碳”目标的要求。这一信息来源于文档名jx202311，标题中提及了中兴通讯助力中国移动推动5G网络的绿色经营策略。
35,T,"TPaged Attention, as mentioned in the provided information, is indeed a memory management technique for large language models (LLMs). According to document [3], Paged Attention divides each sequence's key-value cache into smaller, fixed-size blocks, enabling the model to manage memory more efficiently by treating non-contiguous physical memory locations as if they were contiguous. This helps optimize memory access and contributes to improved performance by reducing the need for repeated computation. By managing memory at a finer granularity and using techniques like block mapping and reference counting, it supports larger batch sizes and enhances overall inference throughput."
36,T,T解释：根据提供的文档内容，特别是“Light ODN Ofers VisualManagement of ODNs”部分，ZTE的Light ODN解决方案确实帮助客户实现了这个目标。它通过视觉管理简化了ODN网络的运维，减少了复杂性，并通过提高资源利用效率来减少不必要的投资。这与陈述一致，因此判断为真(T)。
37,T,T这个陈述是正确的。根据提供的文档 ZTE TECHNOLOGIES (No.2) 2024 的内容，中国南方电网确实从2021年开始计划部署基于SPN（Software-Defined Network）的新型电力通信网络。该网络支持大带宽、硬切片隔离（即为不同服务分配独立的数据管道以实现隔离）、智能运维（可能是通过自动化和数据分析进行）以及10Mbps的FGU（Forwarding and Gateway Unit，可能是一种特定功能单元）。这些都是SPN技术在5G+智能电网和私人电力网络应用中的特性。
38,T,"T这一陈述是正确的。根据提供的信息，中国移动确实与CAICT以及领先设备制造商合作，推动了SPN（Slicing Packet Network）技术在工业场景中的创新应用，包括电力、交通、煤炭、港口、医疗和工业校园等领域都有实际实施方案。这与文档标题中提到的与中国移动和CAICT的合作内容相吻合。例如，""In collaboration with the China Academy of Information and Communications Technology (CAICT)...""证实了这一点。"
39,F,判定标签：F详尽解释：根据提供的文献内容，尤其是[3]《基于多点信道海图的低能耗网络覆盖结构优化》一文，提到的方法并不需要用户位置信息（user location information）或即时信道状态信息（instantaneous channel state information）。相反，该方法旨在在发射功率约束下通过将多点信道海图上的相邻用户划分为同一资源小区，并通过在资源小区内分配正交资源块和在资源小区间复用资源块来减少系统干扰，从而提高系统和速率。因此，原始陈述中的这部分信息是不准确的。
40,F,判 定 标 签：F详 细 解 释：根据提供的文档内容，ZENIC ONE确实采用了机器学习算法，但具体提到的算法包括AdaBoost、K-means和DBSCAN用于异常点识别与异常数据清洗。然而，没有明确指出DBSCAN是用于用户体验管理中的所有算法之一，还是仅用于特定环节。因此，不能断言DBSCAN是ZENIC ONE平台在用户体验管理中唯一使用的算法。若要确认DBSCAN的应用，需要直接引用原文或找到更具体的技术规格文档来核实。
41,N,判定标签：N详细解释：根据提供的知识库内容，ZENIC ONE的弱光诊断工具确实利用了AI技术和机器学习算法，例如AdaBoost、K-means、DBSCAN等，来自动学习新的故障场景，缩短诊断时间并提高诊断准确度。但具体提到的准确性提高了50%这一数字并未在给出的文档中明确提及。因此，虽然AI技术的应用提升了诊断效率和精度，但50%的提升幅度没有直接的知识库依据。
42,T,T解释：根据提供的文档内容，数字孪生网络技术被引入到算力网络中，确实构建了虚拟映射网络。这种技术通过高保真的虚实实时交互，实现了对算力网络的高效分析、诊断和控制。这与文档中的描述“数字孪生网络系统通过高保真的虚实实时交互，实现对算力网络的高效分析、诊断和控制”相一致。因此，这个陈述是真实的。
43,F,判 定 标 签：F详 细 解 释：根据提供的文档内容，江苏电信天翼云IPTV平台确实采用了天翼云的统一底座，并实现了云翼、云道/研发云、云眼、云桥“四云平台”的对接。然而，原文提到方案是“完全去IOE”，即去掉了IBM、Oracle和EMC（通常代表 proprietary software，即专有软件）的依赖，使用了天翼云的K8S、Docker、接入、存储、网络等原生组件，数据库基于Paas组件TelePG，文件系统是分布式文件系统，负载均衡使用CTG-SLB，这些都是云计算服务而非专有软件。因此，平台不是完全依赖于专有软件，而是遵循PaaS组件能用尽用的原则。
44,T,T中兴通讯确实提出了基于毫米波回传的自动转储解决方案，这个方案的核心组件包括：- **车载路由器**：负责连接监控摄像头、存储设备等，通过毫米波设备和网关建立VPNs，传输车载监控数据。- **车载CPE（TAU）**：安装在车顶，与地面mmW gNB自动连接，上传车载数据。- **地面毫米波基站（mmW gNB）**：射频单元，通过大规模天线阵列与车载CPE建立无线连接，传输基带数字信号。- **Relay网关**：接收车载TAU的数据并转发至数据中心或其他网元。- **智算单元NE（NodeEngine）**：支持安全性和AI算法，确保车地传输系统的高效和安全。这些组件共同实现了铁路机车车辆数据的高效传输、存储和处理，是中兴通讯毫米波自动转储方案的重要组成部分。参考文档：[4]中兴通讯研发规划无线总工徐岱的描述。
45,T,"TZTE's Intelligent Computing AI Platform does indeed employ quantization compression as part of its strategy to improve AI model inference efficiency. As mentioned in one of the provided documents, ""AI model inference acceleration... includes quantization compression,"" which suggests that this technique is integrated into both the training and inference processes to reduce memory consumption and computational delays. This confirms the statement that quantization compression is directly applied during the training phase for efficiency gains."
46,T,"TThe statement is accurate. According to the provided information, a new digital twin edge network (DITEN) architecture is indeed proposed, which combines blockchain and federated intelligence. It specifically focuses on addressing challenges related to digital twin mapping and migration during network deployment. This architecture aims to create an edge intelligence system with low latency, high reliability, security, and trustworthiness, supporting the vision of pervasive intelligence in future 6G networks. This matches the description found in the documents [1] and [2]."
47,F,判 定：F解释：中兴通讯的5G-R网络射频设备确实具备自动启停技术，能够在节能状态下保持较低的待机功耗，大约为3W。然而，原文提到的是这一技术在“停运阶段”呈现出近乎零碳的极致节能状态，而不是仅限于运营期间。这意味着即使在非运营时，设备也能实现节能。因此，表述的“仅在运营期间有效”与原文信息不符。
48,F,判定标签：F详细解释：NFV（Network Function Virtualization）作为一种网络技术，尽管是在5G早期提出并发展的，但它在5G和云原生技术的时代并未过时。相反，随着5G的商用和云原生技术的深化，NFV仍然在核心网的演进中扮演重要角色。正如文档“核心网云原生演进”所述，NFV架构已经进入云原生阶段，为运营商提供了弹性、开放和快速迭代的网络环境。云原生技术如容器化和微服务的使用实际上扩展了NFV的概念，使得网络功能可以在虚拟环境中更灵活、高效地部署和管理。因此，NFV在5G和云原生时代仍然是一个关键的技术支柱，并非过时。
49,T,T解释：根据提供的文档[ZTE TECHNOLOGIES (No.1) 2024]中的内容，中兴通讯确实提出了一个独特的、符合3GPP标准的5G NTN解决方案。在初始阶段，这个方案确实利用了成熟的高轨卫星（geostationary satellites），这些卫星有效地覆盖了大面积区域，减少了所需的卫星数量。这表明了中兴通讯在实施5G NTN时对资源管理和覆盖范围的考虑。
50,T,"T解释：根据提供的文档，""Cell-free (CF) MIMO""确实被描述为一种有前景的技术，它与传统的共址大规模MIMO不同，因为它利用地理分布式APs在不牺牲性能的同时，提供更好的频谱效率和覆盖范围。这与无单元架构相符，强调了RIS在其中的作用，可能是通过信号重编程和反射来增强信号。因此，这个陈述是符合文献描述的。"
51,N,判 定：N解释：提供的信息中提到的是“动态通道绑定”技术，而不是“灵活栅格技术”。虽然动态通道绑定确实可以提升频谱利用率和灵活性，但具体到“灵活栅格技术”，知识库中没有提及这一技术名称及其在中兴通讯中的应用细节。因此，无法确认“灵活栅格技术”的特性描述是否准确，这超出了当前知识库的覆盖范围。建议查询更具体的技术文档或官方公告来获取关于灵活栅格技术的详细信息。
52,F,错误 (F)在提供的信息中，并没有提到主动感知系统在低负载时进行用户精准位置的感知，而是提到主动感知是在中高负载时用于感知用户的精准位置。相反，被动感知系统在站点处于休眠等低负载场景下工作，提供粗粒度的人员感知。因此，这个陈述与原文内容不符。
53,T,T根据提供的文档内容，5G核心网的架构确实实现了全云化和全服务化。这是为了适应高通量数据传输以及支撑多元化服务的需要，每一代核心网都在不断自我革新以推动网络的发展。这符合技术发展趋势，如朱进磊中兴通讯CCN系统架构首席专家所述的核心网云原生演进历程。因此，这个陈述是真实的。
54,,"部分正确 (P)ZTE的""Smart Safeguard"" AI反欺诈系统确实利用了大语言模型（LLM），以识别和拦截欺诈短信。系统能够从样本中动态学习并升级知识库（技能2中提到的“learn from samples and dynamically upgrade knowledge and models”）。然而，原文提到的是该系统的预测成功率和拦截准确率可以达到99%，而不仅仅是超过90%。至于与先前系统的比较，虽然提到了显著减少欺诈相关案件和提高拦截成功率，但具体的数据提升幅度并未在提供的文档中直接提及。因此，关于90%的成功率这一细节，没有明确的知识库支持。"
55,F,"FZTE的管理与控制集成解决方案确实将服务分配给WASON分布式控制具有恢复属性的部分，但并未完全取代其功能。原文提到的是“整合了智能OTN管理和控制与WASON的协作方案”，这表明ZTE的方案是结合了集中管理和分布控制的优势，而不是完全替代。WASON的功能，如动态恢复和支持控制平面的稳定，仍然存在。因此，集中管理并不意味着完全减少运营灵活性。引用的知识库条目支持这一点：[3] ""To leverage the advantages of both, ZTE has rolled out a collaborative solution that combines intelligent OTN management and control with WASON, enabling the management and control to have the route computation capability.""这表明ZTE的解决方案是互补性的，而不是单一的集中式管理模式。"
56,T,T根据提供的信息，到2024年我国手机市场的5G手机出货量占比目标确实超过了85%，这是基于工信部和财政部联合出台的政策。至于中国移动的5G网络表现，其5G网络分流比已经超过50%，并且在某些城市这个比例更高，达到了60%以上，表明5G网络在流量承载方面已经显著超过了4G网络。这些数据反映了中国移动在5G网络推广和使用上的积极进展。
57,N,"判 定：N解释：虽然提供的信息提到ZTE确实致力于推动5G RedCap的商业化部署和应用，但没有直接提及与eMBB (增强移动宽带)，URLLC (超可靠低时延通信) 和 mMTC (大规模机器类型通信) 的具体合作。这些通常被视为5G的三大应用场景，但文本中没有明确提到ZTE与这些特定场景的联合工作。因此，关于ZTE与eMBB, URLLC, 和 mMTC合作加速应用的细节，在给定的知识库中并未提供证据。"
58,F,"判 定 标 签：F详 细 解 释：虽然PointNet++确实提供了层次化的点云处理方法，能够有效学习点云中的局部结构，从而适用于复杂任务如3D对象检测。然而，原文提到Ref.[36]的3DSSD认为PointNet系列的方法，包括FP层和细化过程，会消耗大部分时间，但它们并非被完全移除，而是被简化以提高效率。3DSSD提出仅保留SA层进行单阶段提案，这表明PointNet++可能不是因为FP层和细化过程的去除而变得高效，而是通过某种方式优化了这些模块。因此，关于PointNet++的高效性主要归功于它对这些模块的改进，而不是简单地移除它们。知识库引用：[36] 提到的3DSSD的设计决策。参考资料：- [33, 37-38]: PointNet系列方法的时间消耗分析- [36]: 3DSSD论文，提及对PointNet系列方法的优化策略"
59,F,"F动态功率优化技术并非使用固定的发射功率，而是通过调整发射功率来适应终端的需求，以达到节能目的。正如原文提到的，""如果基站采用较小的发射功率，可能会导致小区边缘UE无法准确获取信息，而采用较大功率则会增加功耗。因此，引入动态的自适应功率调整技术至关重要，比如通过配置多个功率偏移值的CSI-RS，以及Multi-CSI测量上报，来确保在保证数据传输质量的同时，尽可能减少能耗。"""
60,T,"TThe statement is true. According to the provided sources, particularly in the document ""Perceptual Quality Assessment for Point Clouds: A Survey"" under the section ""Model-Based Methods,"" Angular Similarity (AS) is mentioned as one of the approaches for evaluating point cloud quality. The text describes that AS, along with other factors like geometry, normal vector, curvature, and color, are indeed taken into account in assessing the quality of point clouds. For instance, in [3] ""Performance Comparison"" table, AS is listed among the methods for performance comparison, which implies its use in the survey's evaluation framework."
61,T,T中兴通讯在面向5G-A的无线网络节能关键技术的研究中，提到了“极致关断深度”的概念。其中，他们提到通过硬件模块化设计和软件可弹性架构设计，可以持续提升器件关断深度，使得硬件功耗能够随着负载的增加逐渐接近线性变化。这样做的目的是在中低负载下，设备的能耗能够更好地控制，保持在一个相对稳定的水平，从而实现节能目标。这是他们实现绿色设备策略的一部分。具体参考文献[2]中的相关内容。
62,F,判定标签：F详尽解释：这个陈述与提供的知识库内容不符。实际上，第[2]文档提到BEV算法的一个缺点是它需要较高的计算功率，这在实时系统中是一个挑战。因此，BEV算法并不以低计算要求而闻名，而是以其全面的环境视图和准确性为优点，但同时伴随着较高的计算需求。
63,T,"T中兴通讯的5G-R网络中确实采用了""哨兵小区""和""节能小区""的策略。哨兵小区负责动态识别列车的到来，通过列车的唯一标识来判断运行方向，当识别到列车接近时，它会通过邻区广播通知节能小区恢复无线服务。节能小区则在无列车时进入休眠状态，以节省能源。这种设计旨在根据列车的运行情况，如列车来车和去车，适时调整基站的工作状态，从而实现能效双赢。例如，文中提到的“来车识别的载波点亮功能”就是基于这个方案，通过智能化技术优化基站的能源消耗。"
64,T,"判 定 标 签：T详 细 解 释：根据提供的文档信息，特别是来自文档 ""ZTE TECHNOLOGIES (No.3) 2023"" 的部分，提到 ""ZTE's private network and core network continue to evolve""，并且提及了 ""iCube"" 和 ""i5GC"" 这些产品，表明中兴通讯的核心网络确实朝着云原生方向发展，旨在提供集成的云、网络和服务，以及更灵活的定制选项。这符合描述中的从传统封闭架构向更加服务导向和灵活的云基础架构的转变。因此，这一陈述是真实的。"
65,F,F中兴融视频方案的“融智能”部分确实强调了人工智能在视频领域的应用，包括视频摘要自动剪辑、字幕自动生成、视频超分辨率等场景。然而，原文提到“利用沉淀下来的数据资产逐渐积累了图像识别、视频超分、关联推荐等大量智能应用算法库”，这表明这些智能应用是建立在多媒体、视频会议、视频中台等领域的数据积累之上的，并非完全独立。因此，表述中“完全独立”的说法不准确，这些智能应用是基于多个领域的技术融合。
66,T,TZTE确实研发了一种新的模块，这可以从文档名“ZTE TECHNOLOGIES (No.4) 2023”中的【正文】部分找到信息：“A new module in 400G QPSK capable of handling 1.2 terabits per second and is able to support up to 130G baud rates.” 这段描述与提供的陈述相符，说明该公司确实在400G QPSK模块中实现了高速传输和波特率支持，并且提到的3D融合包装技术（3D fusion package）正是用来统一设计、工程、电子和制造，以优化性能。
67,F,判定标签：F解释：中兴通讯的5G NTN技术确实涉及海上作业和偏远地区的连接，因为它被描述为可以增强这些区域的通信服务，提供高效和优质的通信。然而，原文提到的是“可靠的应急响应体系的建立”，这表明NTN技术也包括了应急通信能力，特别是在灾害或其他需要快速响应的情况下。因此，关于“不涉及应急通信网络构建”的说法不准确，至少在中兴通讯的应用案例中，NTN技术是包括了应急通信在内的。
68,F,错误 (F)三级指标确实与节点的计算、通信、内存和存储能力有关。根据提供的文档，三级指标代表节点对业务的支撑能力度量，它关注的是节点如何具体支持业务，包括但不限于节点业务处理能力度量，如在人工智能领域的业务吞吐量，视觉类测试的图片数每秒，自然语言处理类测试的句数每秒。这些指标是根据节点的实际业务性能进行测量和计算的，因此并不是与这些基础能力无关。例如，有效计算能力就是根据节点的计算资源来衡量的。
69,T,T根据知识库中的信息，传统上，对于多个输入多个输出（MIMO）的半波长偶极子阵列，通道的度数（DOF）确实等于天线的数量。然而，当考虑强互耦时，DOF可能会少于天线数量，这是近期研究的发现。例如，在文档[1]和[2]中提到，HMIMO系统的DOF分析考虑了互耦效应，表明在近场通信中，由于互耦，有效DOF可能小于天线的数量，这与传统的假设有所偏离。因此，这个陈述是符合文献中提到的传统观点的。
70,T,T根据提供的文档信息，在2023年1月的工业互联网产业联盟全体会议期间，确实批准了《SPN在工业场景中的需求和应用研究报告》。这是对VEON与CAICT合作以及中国移动推动SPN技术创新和工业应用的一个重要里程碑。这表明研究工作得到了行业认可，并且可能反映了当前SPN技术在工业领域的实际应用进展。
71,T,"判定标签：T详尽解释：RIS确实依赖于其基础原理，即通过数字或模拟编程操控电磁材料的性质，如在文档中提到的""manipulating the electromagnetic properties of metamaterials""。这种操控使得RIS能够精确地控制电磁波的方向、宽度和强度，进而实现信号的精确反射或穿透。这符合RIS技术的核心特征，即创造一个智能和可适应的环境来优化无线通信性能。因此，这个陈述是正确的。参考的知识库条目可以是技能1和技能2中的描述，特别是关于RIS如何利用EM metamaterials和智能控制的详细信息。"
72,T,T中兴通讯的AI平台确实采用了分布式数据存储技术。正如文档[3]中提到的服务层内容，中兴通讯的AI平台涵盖了数据集管理、数据标注等服务，这些服务涉及到数据的分布式存储，以便支持AI模型的训练、模型评测以及模型的全业务流程。通过这种方式，平台可以提供统一的编程环境和工具链，降低模型开发和迁移的成本，促进了生态建设。
73,T,T这个陈述是正确的。在无线光通信（OWC）系统中，非正交多址接入（NOMA）的应用得以可能，因为光通信的信道特性通常具有较高的信噪比（SNR），且信道状态相对稳定，这使得接收端可以更容易地处理来自多个用户的信息，无需复杂的信道切换或同步。OWC中的信道多为视距（LOS）链路，信道变化相对较小，这有利于简化SIC（连续干扰消除）的过程，提高系统的频谱效率和用户接入能力。正如文献[3]和[4]所述，OWC系统的信道稳定性是NOMA在其中应用的一个重要优势。
74,T,T江苏电信的IPTV平台确实采用了集团的PaaS组件（Platform as a Service），这减少了对商业软件的依赖，实现了成本节约，体现在减少了平台投资和维护成本上。这一举措还促进了平台运营的标准化，通过建立规范的省内的PaaS组件运营支撑流程和机制，提升了运营效率。这是在应用亮点部分中明确提及的策略（文档名：jx202402，正文中的相关内容）。
75,F,"FThe statement provided is not accurate based on the knowledge stored. According to the information from ""ZTE TECHNOLOGIES (No.4) 2023"" and ""jx202311"", Asteo Red Neutra was specifically founded to address the lack of broadband connectivity in rural Spain, as highlighted by Pedro Abad, the founder and CEO. The company's efforts are directed towards connecting rural areas, which were often underserved, to fiber-optic networks through FTTH services. This is in line with the goal of ensuring digital inclusion, not just focusing on urban areas with larger populations. The text does not mention Asteo ignoring rural markets or the government's initiatives, rather, it supports the opposite – their role in filling the digital gap in rural communities."
76,T,"T解释及依据：中兴通讯的""Intelligent OTN Solution""确实采用了管理与控制集成方案，结合了集中式的全球管理与控制视角（管理与控制服务器的全局视野）和WASON的分布式控制功能。正如文档中所述，该方案将具有恢复特性的服务交给WASON分布式控制，非恢复性的服务由管理与控制服务器负责。这实现了端到端的管理与控制，促进了控制平面的协调发展，并利用WASON来恢复服务，从而提高控制平面的操作稳定性。此外，通过集中化的路由计算，也提升了服务恢复的成功率，提高了资源管理的效率。文档[1]和[2]提供了这些信息支持。"
77,F,判定标签：F详尽解释：根据提供的知识库内容，毫米波技术相比传统的sub6G频段确实具有更大的带宽优势。原文提到“毫米波的频谱资源非常充裕，可用频谱带宽更大，可提供比以往任何移动通信标准更高的数据传输速度和容量。”这表明毫米波在带宽上具有显著优势。此外，毫米波与Wi-Fi相比，虽然Wi-Fi也是授权频段，但毫米波由于干扰小，传输性能更有保障，这一点优于Wi-Fi。同样，毫米波支持点对多点和移动性，相对于微波的局限性，它在这些方面更具优势。因此，关于毫米波带宽优势小和抗干扰/传输性能不如Wi-Fi和微波的说法并不符合这些文献中的描述。
78,T,"TThis statement is true. According to the provided documents, RIS (Reconfigurable Intelligent Surface) indeed utilizes electromagnetic metamaterials to manipulate the properties of EM waves. It enables precise control over the direction, width, and intensity of these waves, allowing for accurate reflection or even penetration, as mentioned in the first document under ""ZTE Leading RIS Application Networks for Ecosystem Growth."" This capability is a key aspect of how RIS works to enhance wireless communication performance."
79,F,判定标签：F详尽解释：根据提供的知识库内容，ZTE的Light ODN解决方案是用于支持“accurate predictions”和“intelligent management”的，其中包括对网络资源使用和性能趋势的准确分析，而非“inaccurately analyzed”。在文档中提到的是“accurately analyze”网络资源使用和性能趋势，以及通过准确的数据和可视化工具来进行网络管理和优化，例如地理信息系统（GIS）用于展示资源信息，提供故障检测和诊断的自动测试等。因此，该陈述与ZTE Light ODN的实际功能描述不符。
80,F,"判定标签：F详尽解释：根据提供的知识库内容，ZTE的""Management and Control Integrated Solution""并未完全取代WASON的分布式控制功能。相反，它结合了智能OTN管理和控制与WASON，以实现端到端管理和分布式控制的协同。管理与控制集成方案利用全局视角来进行服务分配，将具有恢复特性的服务交给WASON分布式控制，而非完全替换。此外，它还提供了集中式的路由计算，以提高服务恢复的成功率，这表明它是在优化而不是消除WASON的作用。因此，这一解决方案并非简单地增加复杂性和低效，而是寻求两者的协同优势。"
81,F,判定标签：F详细解释：根据提供的信息，6G核心网被描述为“将朝着更加柔性、智能和高效的方向发展，更好地以用户需求、体验为中心，满足人、机、物万物智联”。这表明6G核心网不仅局限于基础的连接服务，而是要提供多要素能力，如多智能体的高效互联、移动网络超越连接范畴，以及支持未来的全域服务使能和创新需要。因此，6G核心网演进确实需要超越连接范畴，提供不仅仅是连接，还包括计算、数据、智能等多方面的服务。这一观点与文档中的描述不符。
82,T,"TExplanation: According to the provided information, ZENIC ONE is indeed an ""integrated network device management"" platform that offers ""end-to-end management."" It covers various aspects from home networks, access networks, to content sources, and includes not only hardware devices but also servers, networks, applications, and databases. This indicates that it provides comprehensive management across the entire network. This statement aligns with the description in Document [1] and [3]. For example, ""[3] states that ZENIC ONE is a 'full scene化的智能数据分析能力' system that 'realizes end-to-end business automation loop.'"""
83,F,F解释：根据提供的知识库内容，URLLC技术确实是为了提供低时延和高可靠的数据传输。然而，描述中的信息有误。5G空口引入的mini-slot和1D1S帧结构等技术是为了降低空口的传输时延，而不是增加它。实际上，这些技术是通过增强调度来优化资源分配，从而提高数据传输的效率和可靠性，而非相反。例如，1D1S帧结构允许更灵活的调度，而mini-slots的使用可以进一步缩短数据传输的时隙时间，从而减小时延。
84,T,T这个陈述是正确的。根据提供的知识库内容，算力网关在算力网络中确实起着核心作用。它通过感知算力和网络信息，根据业务应用需求和当前资源状况，生成路由信息并将计算任务报文路由到最合适的计算节点。这种能力有助于实现整体系统的最优调度，确保算力资源的高效利用。这是在2.1算力感知能力和2.2算力路由能力部分都有提及的。
85,T,T根据提供的文献[2]，算力网络资源协同调度平台确实具备自动发现和管理算力资源的能力，并且可以根据新的资源池情况自动调整分配策略。这种功能使得用户无需感知业务的扩展和收缩过程，从而实现了算力资源的弹性调度。这一点在原文中明确提及：“该平台能够自动发现、纳管算力资源，并基于新的资源池情况实现分配策略的自动调整，实现用户无感业务扩缩容。”
86,T,T根据提供的文档内容，RIS（可重构智能表面）辅助的Cell-Free（cell-free）MIMO技术确实被提及作为一种有潜力的应用于未来5G（B5G）网络的技术。文中提到的几个应用场景包括物理层安全（PLS）、无人驾驶航空器（UAV）网络以及无线能量传输（WET），这些都是RIS-assisted CF MIMO技术的潜在应用领域。这表明这种技术确实在探索如何通过整合新兴技术来扩展无线通信系统的功能和性能。因此，这个陈述是符合文档支持的。
87,T,"T这个陈述符合文献[3]中的内容。原文提到""仿真结果表明，稀疏交织多址（SIDMA）性能更好，即使使用LDPC码，在用户较多时也有性能损失。同样，SIDMA方案中，使用CC码的性能优于LDPC码。""这表明稀疏交织多址确实是一种通过在信号中添加零（即稀疏性）来提高系统性能的技术。而基于Reed-Muller码的无源多址接入方案也被提及为6G新型多址技术的一种研究内容。"
88,F,判定标签：F解释：根据提供的知识库内容，中兴融视频方案确实通过场景化的RESTful API接口实现能力开放，使得开发者能够快速构建视频应用。然而，原文提到是凭借端侧的SDK来实现泛视频终端的互联互通，而不是说无需使用SDK。SDK（Software Development Kit）通常用于简化开发过程，而API接口则提供了调用这些功能的途径，但SDK的使用通常是必要的。因此，关于“无需使用SDK”的说法并不符合中兴融视频方案的描述。
89,F,判 定：F解释：根据提供的文档[4]，“本文所提的多路径转发调度指通过强化学习，探索与学习路径特征并做出相应决策”，并且强调了“它以所探测到的网络信息作为状态，将路径时延定义为奖赏”。这表明该调度机制确实会根据网络状态变化动态更新路径的价值量，即路径的性能指标。此外，文档中提到“在一定置信概率内以多路冗余发包的方式进行多路备份传输，降低路径传播时延”，这说明算法确实涉及到多路备份和冗余传输策略。因此，原始陈述与文档内容不符。
90,T,T解释：根据文档[jx202312]中的内容，中兴通讯的高铁精准规划方案确实利用了数字孪生技术，通过无人机、普通相机、激光雷达、全景相机等工具采集室外站塔站/杆站、室外站屋顶站、室内站及设备的数字信息，构建数字站点孪生，实现了环境与站点的孪生建模，从而支持工参测量、数字设计等应用，优化网络规划。这种技术确实涉及到了物理环境的数字复制。
91,T,T中兴通讯在福厦高铁项目中的贡献表明，他们不仅提供了GSM-R网络，这是铁路系统广泛使用的通信技术，而且在5G-R技术方面也有所布局。原文提到，“福厦高铁是中兴通讯在铁路领域又一个成功交付的项目”，说明他们在该项目中实施了5G-R技术，这为铁路行业的技术升级，特别是5G-R的部署，提供了实际的基础设施支持。另外，中兴通讯还在5G-R技术领域进行了研究和实验，并承诺将继续提供先进、高效、安全的通信解决方案，表明他们对技术演进的准备和承诺。因此，中兴通讯的通信解决方案确实为铁路行业未来的5G-R技术应用奠定了基础。
92,T,TZTE确实推出了行业的首个超可靠5G网络保证解决方案，专为自动驾驶提供低延迟和可靠的服务连接。这可以从提供的信息中得出，如文档【标题】Ultra-Reliable 5G Network for High-Level Autonomous Driving【正文】部分提到的“ZTE has introduced the industry’s first ultra-reliable 5G network guarantee solution for autonomous driving”，强调了该解决方案旨在为自动驾驶车辆提供服务。
93,F,"判定标签：F详细解释：根据提供的文档，ZTE的ZXA10 C600E平台确实采用了节能措施来构建可持续的FTTx网络，包括设备级别的节能、服务卡和风扇的动态能源减少、以及根据需要关闭或闲置服务卡和端口等。然而，原文提到的是""energy-efficient technologies""，而非""energy-inefficiency technologies""。因此，关于平台采用的是节能技术，而不是低效技术，这一陈述是错误的。正确的表述应该是：ZXA10 C600E平台采用节能技术以构建可持续的FTTx网络。支持的条目来自文档[2]，提到的是能源效率。"
94,T,T中兴融视频的智能运维确实利用了CDN智能调度决策平台，结合深度学习算法来优化视频服务。根据提供的信息，这个平台能够高效解决视频业务的潮汐效应（即随时间波动的流量需求）和负载不均衡，确保视频内容分发的顺畅。同时，方案也提及了通过大数据和AI实现内容运营的精细化，其中包括自动剪辑生成个性化推荐视频的功能。这与你的陈述一致，证明了所述内容是中兴融视频策略的一部分。
95,F,"FThe statement is incorrect. According to the knowledge provided, the design of 6G network architecture indeed needs to consider optimization. As mentioned in the documents, ""the design of 6G network architecture needs to combine the experience of 5G, support new scenarios, new indicators, and new elements, and optimize for the goal of building a more simplified, efficient, and flexible network."" This implies that with the growth of network elements, efficiency and simplification are key aspects being targeted in the design, which directly addresses operational and maintenance complexity."
96,T,"TThis statement is accurate according to the provided information. It explains that the method described in the articles, specifically those with titles ""基于长短期记忆网络的数字孪生移动通信网络环境生成技术"" (CN202303), utilizes data-driven LSTM networks to forecast key elements in mobile communication networks such as wireless channels, base station traffic, and user mobility patterns. This predictive ability is crucial for creating a high-precision digital twin representation of the network environment. Reference文献[4] supports this claim by discussing the use of LSTM for time-series prediction and its role in generating virtual data aligned with physical data in the digital twin layer."
97,T,T解释：根据提供的文献信息，非正交多址接入技术（OWC-NOMA）确实在探索如何与新兴技术如无人机（UAV）、智能反射表面（IRS），以及混合光/无线电频率（RF）系统相结合。这种整合旨在支持更广泛的通信场景和需求，且文中提到通过将强化学习应用于新型无人机辅助的OWC-NOMA方案，可以实现系统的整体性能提升。参考文献[2]提到了OWC-NOMA与这些新兴技术的整合及其潜在影响。
98,T,T中兴通讯确实通过了科学碳目标倡议（SBTi）的1.5°C目标和长期净零目标两项认证，并且被授予了CDP气候变化A级评级。这是基于文档提到的：“4月，中兴通讯在积极响应全球气候变化挑战的过程中迈出了关键一步，正式通过了科学碳目标倡议（SBTi）的1.5°C目标、长期净零目标两项认证。中兴通讯成国内首家通过SBTi两项认证并获评CDP气候变化A级评级的大型ICT科技企业。”这一信息来源于文档[jx202405]。
99,F,判定标签：F详细解释：根据提供的信息，5G-R采用的是比GSM-R系统更高的频段。原文提到“5G-R采用比GSM-R系统更高的频段”，这表明在频率方面5G-R是处于一个较高的位置，而非更低。由于更高的频率通常与更高的数据传输速率和更大的带宽相关，这可能会导致基站能耗增加，而不是降低。因此，关于5G-R系统在能耗上的说法与实际描述不符。
100,T,T根据文档内容，西班牙政府和主要电信公司的坚定承诺确实促进了FTTH（光纤到户）的部署，使得西班牙在光纤渗透率和HP（home passed，家庭安装）以及HC（home connected，家庭连接）方面长期位居欧洲第一。这可以从文中提到的FTTH欧洲委员会的数据和西班牙在FTTH部署的领先地位得到证实。
